Slug (adresa paginii),Nume,Tip,Descriere,Vârste,Adresă,Website,Bilete / înscriere,Instagram,Facebook,Telefon,E-mail,Servicii (câte unul pe rând: Titlu | detalii | link),Nume în calendar (câte unul pe rând),Pachet (Gratuit/Pro),Logo (link),Poză (link),Activ (Da/Nu)
teatrul-merlin,Teatrul pentru Copii și Tineret Merlin,Teatru de păpuși și pentru copii,"Unul dintre primele teatre de păpuși din România, înființat în 1949. Are spectacole pentru copii de la 3 ani, spectacole pentru adolescenți și spectacole în limba sârbă. Organizează Festivalul Internațional de Animație „Sub bagheta lui Merlin”.",3+ și adolescenți,Bd. Regele Carol I nr. 3,https://www.teatrul-merlin.ro,https://www.bilete.ro,,https://www.facebook.com/teatrulmerlin.timisoara/,0256 493 049,office@teatrul-merlin.ro,"Spectacole pentru copii | De la 3 ani, de obicei în weekend la 11:00 și 13:00 | https://www.teatrul-merlin.ro/spectacole-copii/
Spectacole pentru tineret | Pentru adolescenți, 12+ | https://www.teatrul-merlin.ro/spectacole-tineret/
Spectacole în limba sârbă | | https://www.teatrul-merlin.ro/spectacole-in-limba-sarba/
Festivalul „Sub bagheta lui Merlin” | Festival internațional de teatru de animație","Teatrul Merlin
Merlin
Teatrul pentru Copii și Tineret Merlin",Gratuit,,,Da
opera,Opera Națională Română Timișoara,Operă,"Instituție lirică înființată în 1946, cu operă, operetă, balet și musical. În repertoriu are și titluri pentru copii și familie, de exemplu Hänsel și Gretel.",Familie,Str. Mărășești nr. 2,https://www.ort.ro,https://www.ort.ro,,,0256 201 286,office@ort.ro,"Spectacole pentru copii și familie | Operă și musical pentru cei mici
Operă, operetă și balet | Pentru copiii mai mari, alături de părinți","Opera
Opera Națională Română
Opera Nationala Romana Timisoara
ORT",Gratuit,,,Da
filarmonica-banatul,Filarmonica Banatul Timișoara,Filarmonică,"Din 2022 organizează lunar concerte educative pentru copii, susținute de artiștii filarmonicii. Recitalurile sunt pe grupe de vârstă, inclusiv pentru bebeluși.","0-2 ani, 2-7 ani și mai mari",Bd. C.D. Loga nr. 2 (Sala Capitol),https://filarmonicabanatul.ro,https://filarmonicabanatul.ro/evenimente/,https://www.instagram.com/filarmonicabanatul/,https://www.facebook.com/filarmonicabanatultimisoara,0256 492 521,office@filarmonicabanatul.ro,"Miracolul muzicii pentru bebeluși | Recital educativ, 0-2 ani
Recitaluri educative pentru preșcolari | ex. Muzică din desene animate, 2-7 ani
Concerte simfonice | Pentru copiii mai mari | https://filarmonicabanatul.ro/evenimente/","Filarmonica Banatul
Filarmonica Banatul Timisoara
Filarmonica
Sala Capitol",Gratuit,,,Da
teatrul-national,Teatrul Național Mihai Eminescu,Teatru,"Teatrul dramatic al orașului, cu Sala Mare și Studioul „UTU Strugari”. Are spectacole pentru copii în timpul săptămânii, dimineața (ex. Pinocchio, Sarea în bucate), iar multe spectacole din repertoriu sunt pentru adolescenți de la 12 ani.",Copii și 12+,Str. Mărășești nr. 2,https://www.tntm.ro,https://www.tntm.ro/programul-lunii/,https://www.instagram.com/teatrulnationaltimisoara/,https://www.facebook.com/tntimisoara,0256 201 117,office@tntm.ro,"Spectacole pentru copii | În timpul săptămânii, dimineața, potrivite și pentru grupuri de la școală
Spectacole pentru adolescenți | Cu vârsta recomandată afișată la fiecare spectacol (12+, 14+, 15+) | https://www.tntm.ro/programul-lunii/","Teatrul Național
Teatrul National Timisoara
Teatrul Național Mihai Eminescu
TNTM",Gratuit,,,Da
teatrul-german,Teatrul German de Stat Timișoara,Teatru,"Teatru în limba germană, cu spectacole și pentru copii, unele în format de teatru de buzunar pentru cei mai mici (ex. Lupul păcălit). Derulează proiecte cu elevii, precum maratonul de lecturi teatrale.",Copii și adolescenți,Intrarea publică: Str. Alba Iulia nr. 2,https://teatrulgerman.ro,https://www.entertix.ro/g/493/teatrul-german-de-stat-timisoara.html,https://www.instagram.com/teatrulgerman/,,0741 010 898,tickets@dstt.ro,"Spectacole pentru copii | Adesea dimineața, în timpul săptămânii | https://teatrulgerman.ro/ro/program/
Teatru de buzunar pentru cei mici | ex. Lupul păcălit
Proiecte pentru elevi | ex. Teatru în dialog","Teatrul German
Teatrul German de Stat
DSTT",Gratuit,,,Da
teatrul-maghiar,Teatrul Maghiar de Stat Csiky Gergely,Teatru,"Teatru în limba maghiară, cu spectacole de păpuși și pentru familie. Spectacolele sunt accesibile și în română, prin traducere simultană sau supratitrare.",Copii și familie,Str. Alba Iulia nr. 2,https://www.tm-t.ro,https://ticket.tm-t.ro/ro,,,0256 434 814,office@tm-t.ro,"Spectacole pentru copii | La Sala Studio, cu traducere în română | https://ticket.tm-t.ro/ro
Spectacole de păpuși pentru familie | ex. Prietenul meu, vampirul","Teatrul Maghiar
Teatrul Maghiar Timisoara
Csiky Gergely
Teatrul Maghiar de Stat Csiky Gergely",Gratuit,,,Da
casa-de-cultura,Casa de Cultură a Municipiului Timișoara,Centru cultural,"Instituția culturală a orașului. Organizează spectacole și evenimente, inclusiv pentru copii, de multe ori cu intrare liberă pe bază de rezervare. Multe au loc la Sala Lira.",Toate vârstele,"Sala Lira, Str. Miron Costin nr. 2",,,,,,office@ccmt.ro,"Spectacole pentru copii | Adesea gratuite, cu rezervare prin formular","Casa de Cultură a Municipiului Timișoara
Casa de Cultura Timisoara
Casa de Cultură
Sala Lira
CCMT",Gratuit,,,Da
mic,MIC - Muzeul Interactiv al Copiilor,Muzeu pentru copii,"Muzeu interactiv de aproximativ 400 m², gândit pentru copii de la 10 luni la 12 ani: instalații cu senzori și proiecții, puzzle-uri 3D despre istoria orașului, experiențe senzoriale și ateliere cu instructori.",10 luni - 12 ani,"Bastionul Maria Theresia, Galeria B2, Str. Hector nr. 2",https://mic-tm.ro,https://mic-tm.ro/viziteaza/,https://www.instagram.com/mic.tm/,https://www.facebook.com/mic.timisoara/,0748 889 921,contact@mic-tm.ro,"Vizită liberă | Bilete pentru adult, copil și familie | https://mic-tm.ro/viziteaza/
Ateliere interactive | Cu instructori: decupat, lipit, construit, desenat | https://mic-tm.ro/activitati/
Grupuri și școli | Cu rezervare în avans | https://mic-tm.ro/viziteaza/#rezervari","MIC
Muzeul Interactiv al Copiilor
MIC - Muzeul Interactiv al Copiilor",Gratuit,,,Da
